0,ZJL1
1,ZJL10
2,ZJL100
3,ZJL101
4,ZJL102
5,ZJL103
6,ZJL104
7,ZJL106
8,ZJL107
9,ZJL108
10,ZJL109
11,ZJL110
12,ZJL111
13,ZJL113
14,ZJL114
15,ZJL115
16,ZJL116
17,ZJL117
18,ZJL118
19,ZJL119
20,ZJL12
21,ZJL120
22,ZJL121
23,ZJL122
24,ZJL123
25,ZJL124
26,ZJL125
27,ZJL126
28,ZJL127
29,ZJL128
30,ZJL129
31,ZJL13
32,ZJL130
33,ZJL131
34,ZJL132
35,ZJL133
36,ZJL135
37,ZJL137
38,ZJL138
39,ZJL139
40,ZJL14
41,ZJL140
42,ZJL141
43,ZJL142
44,ZJL143
45,ZJL145
46,ZJL146
47,ZJL147
48,ZJL149
49,ZJL150
50,ZJL152
51,ZJL153
52,ZJL154
53,ZJL156
54,ZJL157
55,ZJL159
56,ZJL16
57,ZJL160
58,ZJL161
59,ZJL162
60,ZJL163
61,ZJL164
62,ZJL165
63,ZJL166
64,ZJL167
65,ZJL168
66,ZJL171
67,ZJL172
68,ZJL173
69,ZJL174
70,ZJL176
71,ZJL178
72,ZJL179
73,ZJL18
74,ZJL180
75,ZJL181
76,ZJL182
77,ZJL183
78,ZJL184
79,ZJL185
80,ZJL186
81,ZJL187
82,ZJL189
83,ZJL19
84,ZJL190
85,ZJL191
86,ZJL192
87,ZJL193
88,ZJL194
89,ZJL195
90,ZJL196
91,ZJL197
92,ZJL198
93,ZJL199
94,ZJL2
95,ZJL200
96,ZJL21
97,ZJL22
98,ZJL23
99,ZJL24
100,ZJL244
101,ZJL247
102,ZJL248
103,ZJL25
104,ZJL254
105,ZJL256
106,ZJL26
107,ZJL261
108,ZJL263
109,ZJL264
110,ZJL265
111,ZJL267
112,ZJL273
113,ZJL274
114,ZJL275
115,ZJL28
116,ZJL29
117,ZJL297
118,ZJL3
119,ZJL30
120,ZJL300
121,ZJL304
122,ZJL305
123,ZJL306
124,ZJL307
125,ZJL308
126,ZJL309
127,ZJL310
128,ZJL311
129,ZJL313
130,ZJL314
131,ZJL315
132,ZJL316
133,ZJL317
134,ZJL319
135,ZJL32
136,ZJL321
137,ZJL324
138,ZJL325
139,ZJL327
140,ZJL328
141,ZJL329
142,ZJL331
143,ZJL332
144,ZJL333
145,ZJL334
146,ZJL335
147,ZJL336
148,ZJL338
149,ZJL339
150,ZJL34
151,ZJL340
152,ZJL341
153,ZJL343
154,ZJL344
155,ZJL345
156,ZJL346
157,ZJL347
158,ZJL348
159,ZJL35
160,ZJL350
161,ZJL353
162,ZJL355
163,ZJL356
164,ZJL357
165,ZJL358
166,ZJL359
167,ZJL360
168,ZJL362
169,ZJL363
170,ZJL365
171,ZJL366
172,ZJL367
173,ZJL368
174,ZJL369
175,ZJL37
176,ZJL370
177,ZJL371
178,ZJL372
179,ZJL373
180,ZJL374
181,ZJL375
182,ZJL376
183,ZJL378
184,ZJL379
185,ZJL380
186,ZJL381
187,ZJL382
188,ZJL383
189,ZJL384
190,ZJL385
191,ZJL386
192,ZJL387
193,ZJL388
194,ZJL389
195,ZJL39
196,ZJL390
197,ZJL391
198,ZJL392
199,ZJL394
200,ZJL396
201,ZJL397
202,ZJL398
203,ZJL399
204,ZJL40
205,ZJL400
206,ZJL401
207,ZJL402
208,ZJL403
209,ZJL407
210,ZJL409
211,ZJL41
212,ZJL412
213,ZJL413
214,ZJL414
215,ZJL415
216,ZJL417
217,ZJL418
218,ZJL419
219,ZJL42
220,ZJL421
221,ZJL424
222,ZJL425
223,ZJL426
224,ZJL428
225,ZJL429
226,ZJL43
227,ZJL430
228,ZJL435
229,ZJL436
230,ZJL437
231,ZJL438
232,ZJL44
233,ZJL440
234,ZJL442
235,ZJL443
236,ZJL444
237,ZJL445
238,ZJL446
239,ZJL448
240,ZJL449
241,ZJL45
242,ZJL450
243,ZJL452
244,ZJL453
245,ZJL454
246,ZJL455
247,ZJL456
248,ZJL457
249,ZJL458
250,ZJL459
251,ZJL46
252,ZJL460
253,ZJL461
254,ZJL463
255,ZJL464
256,ZJL465
257,ZJL466
258,ZJL467
259,ZJL468
260,ZJL47
261,ZJL471
262,ZJL472
263,ZJL473
264,ZJL475
265,ZJL477
266,ZJL478
267,ZJL479
268,ZJL48
269,ZJL480
270,ZJL482
271,ZJL483
272,ZJL484
273,ZJL487
274,ZJL488
275,ZJL49
276,ZJL490
277,ZJL492
278,ZJL493
279,ZJL5
280,ZJL50
281,ZJL51
282,ZJL52
283,ZJL53
284,ZJL54
285,ZJL55
286,ZJL56
287,ZJL57
288,ZJL58
289,ZJL59
290,ZJL6
291,ZJL60
292,ZJL61
293,ZJL62
294,ZJL63
295,ZJL64
296,ZJL65
297,ZJL66
298,ZJL67
299,ZJL68
300,ZJL69
301,ZJL7
302,ZJL70
303,ZJL73
304,ZJL76
305,ZJL77
306,ZJL78
307,ZJL79
308,ZJL8
309,ZJL80
310,ZJL81
311,ZJL82
312,ZJL83
313,ZJL84
314,ZJL85
315,ZJL87
316,ZJL89
317,ZJL9
318,ZJL91
319,ZJL92
320,ZJL93
321,ZJL95
322,ZJL97
323,ZJL99
324,ZJL105
325,ZJL11
326,ZJL144
327,ZJL15
328,ZJL151
329,ZJL158
330,ZJL169
331,ZJL170
332,ZJL175
333,ZJL177
334,ZJL188
335,ZJL268
336,ZJL276
337,ZJL299
338,ZJL31
339,ZJL318
340,ZJL323
341,ZJL337
342,ZJL342
343,ZJL36
344,ZJL38
345,ZJL4
346,ZJL405
347,ZJL423
348,ZJL427
349,ZJL432
350,ZJL433
351,ZJL439
352,ZJL470
353,ZJL476
354,ZJL494
355,ZJL495
356,ZJL71
357,ZJL72
358,ZJL75
359,ZJL86
360,ZJL88
361,ZJL90
362,ZJL94
363,ZJL96
364,ZJL98
365,ZJL352
366,ZJL499
367,ZJL434
368,ZJL303
369,ZJL491
370,ZJL462
371,ZJL447
372,ZJL431
373,ZJL322
374,ZJL296
375,ZJL416
376,ZJL404
377,ZJL497
378,ZJL410
379,ZJL474
380,ZJL377
381,ZJL330
382,ZJL498
383,ZJL326
384,ZJL298
385,ZJL354
386,ZJL500
387,ZJL422
388,ZJL361
389,ZJL485
390,ZJL481
391,ZJL393
392,ZJL395
393,ZJL320
394,ZJL489
395,ZJL411
396,ZJL349
397,ZJL451
398,ZJL408
399,ZJL441
400,ZJL469
401,ZJL302
402,ZJL312
403,ZJL351
404,ZJL301
405,ZJL364
406,ZJL486
407,ZJL496
408,ZJL406
409,ZJL420
