ZJL1,0
ZJL10,1
ZJL100,2
ZJL101,3
ZJL102,4
ZJL103,5
ZJL104,6
ZJL106,7
ZJL107,8
ZJL108,9
ZJL109,10
ZJL110,11
ZJL111,12
ZJL113,13
ZJL114,14
ZJL115,15
ZJL116,16
ZJL117,17
ZJL118,18
ZJL119,19
ZJL12,20
ZJL120,21
ZJL121,22
ZJL122,23
ZJL123,24
ZJL124,25
ZJL125,26
ZJL126,27
ZJL127,28
ZJL128,29
ZJL129,30
ZJL13,31
ZJL130,32
ZJL131,33
ZJL132,34
ZJL133,35
ZJL135,36
ZJL137,37
ZJL138,38
ZJL139,39
ZJL14,40
ZJL140,41
ZJL141,42
ZJL142,43
ZJL143,44
ZJL145,45
ZJL146,46
ZJL147,47
ZJL149,48
ZJL150,49
ZJL152,50
ZJL153,51
ZJL154,52
ZJL156,53
ZJL157,54
ZJL159,55
ZJL16,56
ZJL160,57
ZJL161,58
ZJL162,59
ZJL163,60
ZJL164,61
ZJL165,62
ZJL166,63
ZJL167,64
ZJL168,65
ZJL171,66
ZJL172,67
ZJL173,68
ZJL174,69
ZJL176,70
ZJL178,71
ZJL179,72
ZJL18,73
ZJL180,74
ZJL181,75
ZJL182,76
ZJL183,77
ZJL184,78
ZJL185,79
ZJL186,80
ZJL187,81
ZJL189,82
ZJL19,83
ZJL190,84
ZJL191,85
ZJL192,86
ZJL193,87
ZJL194,88
ZJL195,89
ZJL196,90
ZJL197,91
ZJL198,92
ZJL199,93
ZJL2,94
ZJL200,95
ZJL21,96
ZJL22,97
ZJL23,98
ZJL24,99
ZJL244,100
ZJL247,101
ZJL248,102
ZJL25,103
ZJL254,104
ZJL256,105
ZJL26,106
ZJL261,107
ZJL263,108
ZJL264,109
ZJL265,110
ZJL267,111
ZJL273,112
ZJL274,113
ZJL275,114
ZJL28,115
ZJL29,116
ZJL297,117
ZJL3,118
ZJL30,119
ZJL300,120
ZJL304,121
ZJL305,122
ZJL306,123
ZJL307,124
ZJL308,125
ZJL309,126
ZJL310,127
ZJL311,128
ZJL313,129
ZJL314,130
ZJL315,131
ZJL316,132
ZJL317,133
ZJL319,134
ZJL32,135
ZJL321,136
ZJL324,137
ZJL325,138
ZJL327,139
ZJL328,140
ZJL329,141
ZJL331,142
ZJL332,143
ZJL333,144
ZJL334,145
ZJL335,146
ZJL336,147
ZJL338,148
ZJL339,149
ZJL34,150
ZJL340,151
ZJL341,152
ZJL343,153
ZJL344,154
ZJL345,155
ZJL346,156
ZJL347,157
ZJL348,158
ZJL35,159
ZJL350,160
ZJL353,161
ZJL355,162
ZJL356,163
ZJL357,164
ZJL358,165
ZJL359,166
ZJL360,167
ZJL362,168
ZJL363,169
ZJL365,170
ZJL366,171
ZJL367,172
ZJL368,173
ZJL369,174
ZJL37,175
ZJL370,176
ZJL371,177
ZJL372,178
ZJL373,179
ZJL374,180
ZJL375,181
ZJL376,182
ZJL378,183
ZJL379,184
ZJL380,185
ZJL381,186
ZJL382,187
ZJL383,188
ZJL384,189
ZJL385,190
ZJL386,191
ZJL387,192
ZJL388,193
ZJL389,194
ZJL39,195
ZJL390,196
ZJL391,197
ZJL392,198
ZJL394,199
ZJL396,200
ZJL397,201
ZJL398,202
ZJL399,203
ZJL40,204
ZJL400,205
ZJL401,206
ZJL402,207
ZJL403,208
ZJL407,209
ZJL409,210
ZJL41,211
ZJL412,212
ZJL413,213
ZJL414,214
ZJL415,215
ZJL417,216
ZJL418,217
ZJL419,218
ZJL42,219
ZJL421,220
ZJL424,221
ZJL425,222
ZJL426,223
ZJL428,224
ZJL429,225
ZJL43,226
ZJL430,227
ZJL435,228
ZJL436,229
ZJL437,230
ZJL438,231
ZJL44,232
ZJL440,233
ZJL442,234
ZJL443,235
ZJL444,236
ZJL445,237
ZJL446,238
ZJL448,239
ZJL449,240
ZJL45,241
ZJL450,242
ZJL452,243
ZJL453,244
ZJL454,245
ZJL455,246
ZJL456,247
ZJL457,248
ZJL458,249
ZJL459,250
ZJL46,251
ZJL460,252
ZJL461,253
ZJL463,254
ZJL464,255
ZJL465,256
ZJL466,257
ZJL467,258
ZJL468,259
ZJL47,260
ZJL471,261
ZJL472,262
ZJL473,263
ZJL475,264
ZJL477,265
ZJL478,266
ZJL479,267
ZJL48,268
ZJL480,269
ZJL482,270
ZJL483,271
ZJL484,272
ZJL487,273
ZJL488,274
ZJL49,275
ZJL490,276
ZJL492,277
ZJL493,278
ZJL5,279
ZJL50,280
ZJL51,281
ZJL52,282
ZJL53,283
ZJL54,284
ZJL55,285
ZJL56,286
ZJL57,287
ZJL58,288
ZJL59,289
ZJL6,290
ZJL60,291
ZJL61,292
ZJL62,293
ZJL63,294
ZJL64,295
ZJL65,296
ZJL66,297
ZJL67,298
ZJL68,299
ZJL69,300
ZJL7,301
ZJL70,302
ZJL73,303
ZJL76,304
ZJL77,305
ZJL78,306
ZJL79,307
ZJL8,308
ZJL80,309
ZJL81,310
ZJL82,311
ZJL83,312
ZJL84,313
ZJL85,314
ZJL87,315
ZJL89,316
ZJL9,317
ZJL91,318
ZJL92,319
ZJL93,320
ZJL95,321
ZJL97,322
ZJL99,323
ZJL105,324
ZJL11,325
ZJL144,326
ZJL15,327
ZJL151,328
ZJL158,329
ZJL169,330
ZJL170,331
ZJL175,332
ZJL177,333
ZJL188,334
ZJL268,335
ZJL276,336
ZJL299,337
ZJL31,338
ZJL318,339
ZJL323,340
ZJL337,341
ZJL342,342
ZJL36,343
ZJL38,344
ZJL4,345
ZJL405,346
ZJL423,347
ZJL427,348
ZJL432,349
ZJL433,350
ZJL439,351
ZJL470,352
ZJL476,353
ZJL494,354
ZJL495,355
ZJL71,356
ZJL72,357
ZJL75,358
ZJL86,359
ZJL88,360
ZJL90,361
ZJL94,362
ZJL96,363
ZJL98,364
ZJL352,365
ZJL499,366
ZJL434,367
ZJL303,368
ZJL491,369
ZJL462,370
ZJL447,371
ZJL431,372
ZJL322,373
ZJL296,374
ZJL416,375
ZJL404,376
ZJL497,377
ZJL410,378
ZJL474,379
ZJL377,380
ZJL330,381
ZJL498,382
ZJL326,383
ZJL298,384
ZJL354,385
ZJL500,386
ZJL422,387
ZJL361,388
ZJL485,389
ZJL481,390
ZJL393,391
ZJL395,392
ZJL320,393
ZJL489,394
ZJL411,395
ZJL349,396
ZJL451,397
ZJL408,398
ZJL441,399
ZJL469,400
ZJL302,401
ZJL312,402
ZJL351,403
ZJL301,404
ZJL364,405
ZJL486,406
ZJL496,407
ZJL406,408
ZJL420,409
